web-scraper-order,web-scraper-start-url,name,company,salary,demand,info
"1609581844-342","https://www.lagou.com/beijing-zhaopin/shangyeshjufenxi/13/?filterOption=3&sid=455efd12b0ab47fd855294dd40752859","外卖商业分析师","美团","20k-40k","20k-40k
                                    经验3-5年 / 本科","消费生活 / 上市公司 / 2000人以上"
"1609581844-332","https://www.lagou.com/beijing-zhaopin/shangyeshjufenxi/13/?filterOption=3&sid=455efd12b0ab47fd855294dd40752859","高级商业分析师（策略）","美团","20k-40k","20k-40k
                                    经验3-5年 / 本科","消费生活 / 上市公司 / 2000人以上"
"1609581874-484","https://www.lagou.com/beijing-zhaopin/shangyeshjufenxi/3/?filterOption=3&sid=455efd12b0ab47fd855294dd40752859","商业分析师","字节跳动","20k-40k","20k-40k
                                    经验3-5年 / 本科","文娱丨内容 / D轮及以上 / 2000人以上"
"1609581838-307","https://www.lagou.com/beijing-zhaopin/shangyeshjufenxi/15/?filterOption=3&sid=455efd12b0ab47fd855294dd40752859","商业分析师-门票度假","美团","20k-30k","20k-30k
                                    经验1-3年 / 本科","消费生活 / 上市公司 / 2000人以上"
"1609581874-483","https://www.lagou.com/beijing-zhaopin/shangyeshjufenxi/3/?filterOption=3&sid=455efd12b0ab47fd855294dd40752859","商业分析","字节跳动","20k-40k","20k-40k
                                    经验3-5年 / 本科","文娱丨内容 / D轮及以上 / 2000人以上"
"1609581862-430","https://www.lagou.com/beijing-zhaopin/shangyeshjufenxi/7/?filterOption=3&sid=455efd12b0ab47fd855294dd40752859","商业数据分析师","中企动力","20k-30k","20k-30k
                                    经验3-5年 / 本科","电商,移动互联网 / 上市公司 / 2000人以上"
"1609581850-369","https://www.lagou.com/beijing-zhaopin/shangyeshjufenxi/11/?filterOption=3&sid=455efd12b0ab47fd855294dd40752859","商业分析部-数据资产运营","美团","15k-30k","15k-30k
                                    经验5-10年 / 本科","消费生活 / 上市公司 / 2000人以上"
"1609581865-441","https://www.lagou.com/beijing-zhaopin/shangyeshjufenxi/6/?filterOption=3&sid=455efd12b0ab47fd855294dd40752859","商业分析师","猿辅导","20k-40k","20k-40k
                                    经验1-3年 / 本科","移动互联网,教育 / D轮及以上 / 2000人以上"
"1609581865-433","https://www.lagou.com/beijing-zhaopin/shangyeshjufenxi/6/?filterOption=3&sid=455efd12b0ab47fd855294dd40752859","高级商业分析师","新片场","15k-28k","15k-28k
                                    经验1-3年 / 本科","移动互联网,文娱丨内容 / D轮及以上 / 150-500人"
"1609581871-475","https://www.lagou.com/beijing-zhaopin/shangyeshjufenxi/4/?filterOption=3&sid=455efd12b0ab47fd855294dd40752859","商业搜索研发部_PMO&数据分析","百度","15k-30k","15k-30k
                                    经验不限 / 本科","工具 / 上市公司 / 2000人以上"
"1609581850-362","https://www.lagou.com/beijing-zhaopin/shangyeshjufenxi/11/?filterOption=3&sid=455efd12b0ab47fd855294dd40752859","游戏战略商业分析（BA）-商业分析实习生","字节跳动","3k-5k","3k-5k
                                    经验在校/应届 / 本科","文娱丨内容 / D轮及以上 / 2000人以上"
"1609581853-375","https://www.lagou.com/beijing-zhaopin/shangyeshjufenxi/10/?filterOption=3&sid=455efd12b0ab47fd855294dd40752859","商业分析负责人","字节跳动","30k-60k","30k-60k
                                    经验不限 / 本科","文娱丨内容 / D轮及以上 / 2000人以上"
"1609581832-274","https://www.lagou.com/beijing-zhaopin/shangyeshjufenxi/17/?filterOption=3&sid=455efd12b0ab47fd855294dd40752859","高级商业分析师","百度","30k-50k","30k-50k
                                    经验5-10年 / 本科","工具 / 上市公司 / 2000人以上"
"1609581856-389","https://www.lagou.com/beijing-zhaopin/shangyeshjufenxi/9/?filterOption=3&sid=455efd12b0ab47fd855294dd40752859","高级商业分析师","添才翰格","25k-45k","25k-45k
                                    经验3-5年 / 本科","企业服务 / 未融资 / 50-150人"
"1609581835-290","https://www.lagou.com/beijing-zhaopin/shangyeshjufenxi/16/?filterOption=3&sid=455efd12b0ab47fd855294dd40752859","商业数据分析专家(成本管理)","滴滴","20k-35k","20k-35k
                                    经验3-5年 / 本科","汽车丨出行 / 不需要融资 / 2000人以上"
"1609581879-511","https://www.lagou.com/beijing-zhaopin/shangyeshjufenxi/1/?filterOption=3&sid=455efd12b0ab47fd855294dd40752859","商业分析师","厨芯科技","18k-35k","18k-35k
                                    经验3-5年 / 本科","硬件,电商 / B轮 / 500-2000人"
"1609581853-378","https://www.lagou.com/beijing-zhaopin/shangyeshjufenxi/10/?filterOption=3&sid=455efd12b0ab47fd855294dd40752859","战略数据分析师（商业化方向）","字节跳动","20k-40k","20k-40k
                                    经验不限 / 本科","文娱丨内容 / D轮及以上 / 2000人以上"
"1609581868-458","https://www.lagou.com/beijing-zhaopin/shangyeshjufenxi/5/?filterOption=3&sid=455efd12b0ab47fd855294dd40752859","商业分析师","小米集团","25k-40k","25k-40k
                                    经验5-10年 / 本科","硬件 / 上市公司 / 2000人以上"
"1609581876-499","https://www.lagou.com/beijing-zhaopin/shangyeshjufenxi/2/?filterOption=3&sid=455efd12b0ab47fd855294dd40752859","商业分析岗（目标激励Leader）","美团","35k-55k","35k-55k
                                    经验不限 / 本科","消费生活 / 上市公司 / 2000人以上"
"1609581832-273","https://www.lagou.com/beijing-zhaopin/shangyeshjufenxi/17/?filterOption=3&sid=455efd12b0ab47fd855294dd40752859","战略&商业分析专家/经理","滴滴","25k-35k","25k-35k
                                    经验3-5年 / 本科","汽车丨出行 / 不需要融资 / 2000人以上"
"1609581860-408","https://www.lagou.com/beijing-zhaopin/shangyeshjufenxi/8/?filterOption=3&sid=455efd12b0ab47fd855294dd40752859","商业数据分析师/用户增长数据分析师","联通大数据","20k-30k","20k-30k
                                    经验5-10年 / 本科","数据服务 / 不需要融资 / 150-500人"
"1609581876-497","https://www.lagou.com/beijing-zhaopin/shangyeshjufenxi/2/?filterOption=3&sid=455efd12b0ab47fd855294dd40752859","商业分析师","字节跳动","25k-50k","25k-50k
                                    经验不限 / 本科","文娱丨内容 / D轮及以上 / 2000人以上"
"1609581832-271","https://www.lagou.com/beijing-zhaopin/shangyeshjufenxi/17/?filterOption=3&sid=455efd12b0ab47fd855294dd40752859","资深商业策略分析师-门票度假","美团","30k-40k","30k-40k
                                    经验5-10年 / 硕士","消费生活 / 上市公司 / 2000人以上"
"1609581862-418","https://www.lagou.com/beijing-zhaopin/shangyeshjufenxi/7/?filterOption=3&sid=455efd12b0ab47fd855294dd40752859","数据分析师 - 商业策略方向","易车公司","15k-30k","15k-30k
                                    经验3-5年 / 本科","移动互联网,电商 / 上市公司 / 2000人以上"
"1609581838-300","https://www.lagou.com/beijing-zhaopin/shangyeshjufenxi/15/?filterOption=3&sid=455efd12b0ab47fd855294dd40752859","产品及运营部-商业分析师","美团","10k-20k","10k-20k
                                    经验1-3年 / 本科","消费生活 / 上市公司 / 2000人以上"
"1609581876-502","https://www.lagou.com/beijing-zhaopin/shangyeshjufenxi/2/?filterOption=3&sid=455efd12b0ab47fd855294dd40752859","商业数据分析师","LemonBox","10k-15k","10k-15k
                                    经验1-3年 / 本科","移动互联网,医疗丨健康 / A轮 / 50-150人"
"1609581865-446","https://www.lagou.com/beijing-zhaopin/shangyeshjufenxi/6/?filterOption=3&sid=455efd12b0ab47fd855294dd40752859","高级战略/商业分析","安居客","20k-40k","20k-40k
                                    经验3-5年 / 本科","移动互联网 / 上市公司 / 500-2000人"
"1609581871-465","https://www.lagou.com/beijing-zhaopin/shangyeshjufenxi/4/?filterOption=3&sid=455efd12b0ab47fd855294dd40752859","商业分析师","微博","15k-30k","15k-30k
                                    经验5-10年 / 本科","文娱丨内容 / 上市公司 / 2000人以上"
"1609581860-403","https://www.lagou.com/beijing-zhaopin/shangyeshjufenxi/8/?filterOption=3&sid=455efd12b0ab47fd855294dd40752859","商业分析师（用户产品）","同程旅行","16k-28k","16k-28k
                                    经验1-3年 / 本科","旅游 / 上市公司 / 2000人以上"
"1609581879-519","https://www.lagou.com/beijing-zhaopin/shangyeshjufenxi/1/?filterOption=3&sid=455efd12b0ab47fd855294dd40752859","商业分析师","青云","10k-20k","10k-20k
                                    经验1-3年 / 本科","数据服务 / D轮及以上 / 500-2000人"
"1609581853-379","https://www.lagou.com/beijing-zhaopin/shangyeshjufenxi/10/?filterOption=3&sid=455efd12b0ab47fd855294dd40752859","商业分析专家-增长方向","字节跳动","25k-45k","25k-45k
                                    经验不限 / 本科","文娱丨内容 / D轮及以上 / 2000人以上"
"1609581868-453","https://www.lagou.com/beijing-zhaopin/shangyeshjufenxi/5/?filterOption=3&sid=455efd12b0ab47fd855294dd40752859","商业数据分析教研主任","慧科集团","25k-30k","25k-30k
                                    经验5-10年 / 本科","移动互联网,教育 / D轮及以上 / 500-2000人"
"1609581862-429","https://www.lagou.com/beijing-zhaopin/shangyeshjufenxi/7/?filterOption=3&sid=455efd12b0ab47fd855294dd40752859","商业分析/经营分析","每日优鲜","25k-50k","25k-50k
                                    经验5-10年 / 本科","移动互联网,电商 / D轮及以上 / 2000人以上"
"1609581847-354","https://www.lagou.com/beijing-zhaopin/shangyeshjufenxi/12/?filterOption=3&sid=455efd12b0ab47fd855294dd40752859","高级商业分析师","美团","20k-40k","20k-40k
                                    经验3-5年 / 本科","消费生活 / 上市公司 / 2000人以上"
"1609581874-480","https://www.lagou.com/beijing-zhaopin/shangyeshjufenxi/3/?filterOption=3&sid=455efd12b0ab47fd855294dd40752859","商业分析专家","快手","30k-60k","30k-60k
                                    经验5-10年 / 本科","文娱丨内容 / D轮及以上 / 2000人以上"
"1609581868-452","https://www.lagou.com/beijing-zhaopin/shangyeshjufenxi/5/?filterOption=3&sid=455efd12b0ab47fd855294dd40752859","商业数据分析经理","蓝标传媒","15k-25k","15k-25k
                                    经验3-5年 / 本科","移动互联网,广告营销 / 不需要融资 / 500-2000人"
"1609581853-382","https://www.lagou.com/beijing-zhaopin/shangyeshjufenxi/10/?filterOption=3&sid=455efd12b0ab47fd855294dd40752859","高级商业分析师","字节跳动","25k-50k","25k-50k
                                    经验不限 / 本科","文娱丨内容 / D轮及以上 / 2000人以上"
"1609581856-402","https://www.lagou.com/beijing-zhaopin/shangyeshjufenxi/9/?filterOption=3&sid=455efd12b0ab47fd855294dd40752859","商业分析师-教育方向","字节跳动","15k-30k","15k-30k
                                    经验不限 / 本科","文娱丨内容 / D轮及以上 / 2000人以上"
"1609581841-325","https://www.lagou.com/beijing-zhaopin/shangyeshjufenxi/14/?filterOption=3&sid=455efd12b0ab47fd855294dd40752859","商业分析中心高级经理","车好多集团","50k-80k","50k-80k
                                    经验5-10年 / 本科","消费生活 / D轮及以上 / 2000人以上"
"1609581874-481","https://www.lagou.com/beijing-zhaopin/shangyeshjufenxi/3/?filterOption=3&sid=455efd12b0ab47fd855294dd40752859","商业数据分析师","DataStory","14k-25k","14k-25k
                                    经验3-5年 / 本科","数据服务 / B轮 / 150-500人"
"1609581871-476","https://www.lagou.com/beijing-zhaopin/shangyeshjufenxi/4/?filterOption=3&sid=455efd12b0ab47fd855294dd40752859","商业分析师（快消类）","码上赢","15k-25k","15k-25k
                                    经验3-5年 / 本科","移动互联网,企业服务 / A轮 / 50-150人"
"1609581862-428","https://www.lagou.com/beijing-zhaopin/shangyeshjufenxi/7/?filterOption=3&sid=455efd12b0ab47fd855294dd40752859","高级商业分析师（金融或消费品行）","易观","20k-40k","20k-40k
                                    经验3-5年 / 本科","移动互联网,数据服务 / B轮 / 150-500人"
"1609581829-267","https://www.lagou.com/beijing-zhaopin/shangyeshjufenxi/18/?filterOption=3&sid=455efd12b0ab47fd855294dd40752859","充电宝-商业分析师（销售激励）","美团","30k-50k","30k-50k
                                    经验不限 / 本科","消费生活 / 上市公司 / 2000人以上"
"1609581853-380","https://www.lagou.com/beijing-zhaopin/shangyeshjufenxi/10/?filterOption=3&sid=455efd12b0ab47fd855294dd40752859","商业分析负责人-教育业务","字节跳动","50k-100k","50k-100k
                                    经验不限 / 本科","文娱丨内容 / D轮及以上 / 2000人以上"
"1609581841-316","https://www.lagou.com/beijing-zhaopin/shangyeshjufenxi/14/?filterOption=3&sid=455efd12b0ab47fd855294dd40752859","【配送】商业分析师（众包策略）","美团","25k-45k","25k-45k
                                    经验3-5年 / 本科","消费生活 / 上市公司 / 2000人以上"
"1609581847-345","https://www.lagou.com/beijing-zhaopin/shangyeshjufenxi/12/?filterOption=3&sid=455efd12b0ab47fd855294dd40752859","商业分析专家","贝壳","20k-40k","20k-40k
                                    经验3-5年 / 本科","房产家居 / 上市公司 / 2000人以上"
"1609581862-425","https://www.lagou.com/beijing-zhaopin/shangyeshjufenxi/7/?filterOption=3&sid=455efd12b0ab47fd855294dd40752859","商业分析师 (MJ000055)","超级猩猩健身","15k-25k","15k-25k
                                    经验3-5年 / 本科","移动互联网 / D轮及以上 / 150-500人"
"1609581832-268","https://www.lagou.com/beijing-zhaopin/shangyeshjufenxi/17/?filterOption=3&sid=455efd12b0ab47fd855294dd40752859","高级商业分析师","快手","25k-50k","25k-50k
                                    经验3-5年 / 本科","文娱丨内容 / D轮及以上 / 2000人以上"
"1609581876-493","https://www.lagou.com/beijing-zhaopin/shangyeshjufenxi/2/?filterOption=3&sid=455efd12b0ab47fd855294dd40752859","商业分析师","Aibee","20k-30k","20k-30k
                                    经验3-5年 / 本科","移动互联网,企业服务 / A轮 / 150-500人"
"1609581838-302","https://www.lagou.com/beijing-zhaopin/shangyeshjufenxi/15/?filterOption=3&sid=455efd12b0ab47fd855294dd40752859","美团打车-商业分析leader","美团","40k-60k","40k-60k
                                    经验3-5年 / 本科","消费生活 / 上市公司 / 2000人以上"
"1609581841-320","https://www.lagou.com/beijing-zhaopin/shangyeshjufenxi/14/?filterOption=3&sid=455efd12b0ab47fd855294dd40752859","【配送】商业分析师（经营分析）","美团","25k-50k","25k-50k
                                    经验5-10年 / 本科","消费生活 / 上市公司 / 2000人以上"
"1609581841-324","https://www.lagou.com/beijing-zhaopin/shangyeshjufenxi/14/?filterOption=3&sid=455efd12b0ab47fd855294dd40752859","资深商业分析师（B2C电商方向）","美团","30k-40k","30k-40k
                                    经验1-3年 / 不限","消费生活 / 上市公司 / 2000人以上"
"1609581832-269","https://www.lagou.com/beijing-zhaopin/shangyeshjufenxi/17/?filterOption=3&sid=455efd12b0ab47fd855294dd40752859","移动生态运营管理部_资深商业数据分析师","百度","30k-60k","30k-60k
                                    经验5-10年 / 本科","工具 / 上市公司 / 2000人以上"
"1609581856-392","https://www.lagou.com/beijing-zhaopin/shangyeshjufenxi/9/?filterOption=3&sid=455efd12b0ab47fd855294dd40752859","市场分析实习生","天校","4k-5k","4k-5k
                                    经验在校/应届 / 本科","企业服务,教育 / 天使轮 / 150-500人"
"1609581876-500","https://www.lagou.com/beijing-zhaopin/shangyeshjufenxi/2/?filterOption=3&sid=455efd12b0ab47fd855294dd40752859","充电宝-商业分析师（经营分析）","美团","15k-25k","15k-25k
                                    经验5-10年 / 本科","消费生活 / 上市公司 / 2000人以上"
"1609581865-434","https://www.lagou.com/beijing-zhaopin/shangyeshjufenxi/6/?filterOption=3&sid=455efd12b0ab47fd855294dd40752859","海外游戏市场分析师","Zenjoy","15k-25k","15k-25k
                                    经验1-3年 / 本科","移动互联网,游戏 / 不需要融资 / 150-500人"
"1609581835-297","https://www.lagou.com/beijing-zhaopin/shangyeshjufenxi/16/?filterOption=3&sid=455efd12b0ab47fd855294dd40752859","商业数据分析师","滴滴","10k-15k","10k-15k
                                    经验3-5年 / 本科","汽车丨出行 / 不需要融资 / 2000人以上"
"1609581860-409","https://www.lagou.com/beijing-zhaopin/shangyeshjufenxi/8/?filterOption=3&sid=455efd12b0ab47fd855294dd40752859","高级商业分析师","G7","15k-25k","15k-25k
                                    经验3-5年 / 本科","物联网,数据服务 / D轮及以上 / 500-2000人"
"1609581829-263","https://www.lagou.com/beijing-zhaopin/shangyeshjufenxi/18/?filterOption=3&sid=455efd12b0ab47fd855294dd40752859","商业分析（经营策略）","美团","25k-35k","25k-35k
                                    经验3-5年 / 本科","消费生活 / 上市公司 / 2000人以上"
"1609581844-340","https://www.lagou.com/beijing-zhaopin/shangyeshjufenxi/13/?filterOption=3&sid=455efd12b0ab47fd855294dd40752859","高级/资深Feed流商业分析师","百度","20k-40k","20k-40k
                                    经验3-5年 / 本科","工具 / 上市公司 / 2000人以上"
"1609581862-424","https://www.lagou.com/beijing-zhaopin/shangyeshjufenxi/7/?filterOption=3&sid=455efd12b0ab47fd855294dd40752859","商业分析专家(J200819015)","滴滴","15k-30k","15k-30k
                                    经验5-10年 / 本科","汽车丨出行 / 不需要融资 / 2000人以上"
"1609581847-355","https://www.lagou.com/beijing-zhaopin/shangyeshjufenxi/12/?filterOption=3&sid=455efd12b0ab47fd855294dd40752859","商业分析经理-AI平台","美团","35k-50k","35k-50k
                                    经验3-5年 / 本科","消费生活 / 上市公司 / 2000人以上"
"1609581850-371","https://www.lagou.com/beijing-zhaopin/shangyeshjufenxi/11/?filterOption=3&sid=455efd12b0ab47fd855294dd40752859","市场分析师 (MJ004926)","作业帮","15k-30k","15k-30k
                                    经验3-5年 / 本科","工具 / D轮及以上 / 2000人以上"
"1609581856-398","https://www.lagou.com/beijing-zhaopin/shangyeshjufenxi/9/?filterOption=3&sid=455efd12b0ab47fd855294dd40752859","商业策略分析","字节跳动","25k-50k","25k-50k
                                    经验3-5年 / 本科","文娱丨内容 / D轮及以上 / 2000人以上"
"1609581847-346","https://www.lagou.com/beijing-zhaopin/shangyeshjufenxi/12/?filterOption=3&sid=455efd12b0ab47fd855294dd40752859","风险分析负责人-【商业化】","快手","20k-40k","20k-40k
                                    经验5-10年 / 本科","文娱丨内容 / D轮及以上 / 2000人以上"
"1609581856-390","https://www.lagou.com/beijing-zhaopin/shangyeshjufenxi/9/?filterOption=3&sid=455efd12b0ab47fd855294dd40752859","市场分析师","Worktile","13k-20k","13k-20k
                                    经验1-3年 / 本科","移动互联网,企业服务 / B轮 / 150-500人"
"1609581868-460","https://www.lagou.com/beijing-zhaopin/shangyeshjufenxi/5/?filterOption=3&sid=455efd12b0ab47fd855294dd40752859","数据分析师（商业分析师方向）","新意互动","10k-20k","10k-20k
                                    经验1-3年 / 本科","广告营销 / 上市公司 / 500-2000人"
"1609581838-305","https://www.lagou.com/beijing-zhaopin/shangyeshjufenxi/15/?filterOption=3&sid=455efd12b0ab47fd855294dd40752859","商业分析leader","美团","40k-70k","40k-70k
                                    经验5-10年 / 本科","消费生活 / 上市公司 / 2000人以上"
"1609581835-288","https://www.lagou.com/beijing-zhaopin/shangyeshjufenxi/16/?filterOption=3&sid=455efd12b0ab47fd855294dd40752859","商业分析（城市侧）","滴滴","20k-40k","20k-40k
                                    经验5-10年 / 本科","汽车丨出行 / 不需要融资 / 2000人以上"
"1609581844-339","https://www.lagou.com/beijing-zhaopin/shangyeshjufenxi/13/?filterOption=3&sid=455efd12b0ab47fd855294dd40752859","商业分析规划院-资深产品运营数据分析师（行业）","百度","20k-40k","20k-40k
                                    经验3-5年 / 本科","工具 / 上市公司 / 2000人以上"
"1609581844-328","https://www.lagou.com/beijing-zhaopin/shangyeshjufenxi/13/?filterOption=3&sid=455efd12b0ab47fd855294dd40752859","高级商业分析师-地图","美团","25k-50k","25k-50k
                                    经验1-3年 / 本科","消费生活 / 上市公司 / 2000人以上"
"1609581871-468","https://www.lagou.com/beijing-zhaopin/shangyeshjufenxi/4/?filterOption=3&sid=455efd12b0ab47fd855294dd40752859","商业策略分析","爱奇艺","15k-25k","15k-25k
                                    经验3-5年 / 本科","文娱丨内容 / 上市公司 / 2000人以上"
"1609581874-482","https://www.lagou.com/beijing-zhaopin/shangyeshjufenxi/3/?filterOption=3&sid=455efd12b0ab47fd855294dd40752859","商业分析师","金山办公软件","15k-30k","15k-30k
                                    经验3-5年 / 本科","移动互联网 / 上市公司 / 2000人以上"
"1609581860-410","https://www.lagou.com/beijing-zhaopin/shangyeshjufenxi/8/?filterOption=3&sid=455efd12b0ab47fd855294dd40752859","高级商业分析策略","闪送","25k-30k","25k-30k
                                    经验3-5年 / 本科","移动互联网 / 上市公司 / 500-2000人"
"1609581871-464","https://www.lagou.com/beijing-zhaopin/shangyeshjufenxi/4/?filterOption=3&sid=455efd12b0ab47fd855294dd40752859","商业数据分析专家","理想汽车","30k-50k","30k-50k
                                    经验5-10年 / 本科","汽车丨出行 / 上市公司 / 2000人以上"
"1609581847-344","https://www.lagou.com/beijing-zhaopin/shangyeshjufenxi/12/?filterOption=3&sid=455efd12b0ab47fd855294dd40752859","商业分析师","百度","20k-40k","20k-40k
                                    经验5-10年 / 本科","工具 / 上市公司 / 2000人以上"
"1609581835-284","https://www.lagou.com/beijing-zhaopin/shangyeshjufenxi/16/?filterOption=3&sid=455efd12b0ab47fd855294dd40752859","供给商业分析师 (MJ005419)","作业帮","20k-40k","20k-40k
                                    经验5-10年 / 本科","工具 / D轮及以上 / 2000人以上"
"1609581871-467","https://www.lagou.com/beijing-zhaopin/shangyeshjufenxi/4/?filterOption=3&sid=455efd12b0ab47fd855294dd40752859","商业分析 (MJ004978)","去哪儿网","20k-40k","20k-40k
                                    经验3-5年 / 本科","旅游 / 不需要融资 / 2000人以上"
"1609581829-262","https://www.lagou.com/beijing-zhaopin/shangyeshjufenxi/18/?filterOption=3&sid=455efd12b0ab47fd855294dd40752859","高级商业分析（用户/商户增长策略）","美团","35k-50k","35k-50k
                                    经验3-5年 / 本科","消费生活 / 上市公司 / 2000人以上"
"1609581860-411","https://www.lagou.com/beijing-zhaopin/shangyeshjufenxi/8/?filterOption=3&sid=455efd12b0ab47fd855294dd40752859","商业分析高级经理/经理(J16021)","美菜","20k-40k","20k-40k
                                    经验3-5年 / 本科","电商 / D轮及以上 / 2000人以上"
"1609581844-329","https://www.lagou.com/beijing-zhaopin/shangyeshjufenxi/13/?filterOption=3&sid=455efd12b0ab47fd855294dd40752859","MEG市场部_高级市场策略分析师（媒介投放与商业化）","百度","15k-25k","15k-25k
                                    经验不限 / 本科","工具 / 上市公司 / 2000人以上"
"1609581838-310","https://www.lagou.com/beijing-zhaopin/shangyeshjufenxi/15/?filterOption=3&sid=455efd12b0ab47fd855294dd40752859","商业分析专家","美团","25k-45k","25k-45k
                                    经验1-3年 / 本科","消费生活 / 上市公司 / 2000人以上"
"1609581874-486","https://www.lagou.com/beijing-zhaopin/shangyeshjufenxi/3/?filterOption=3&sid=455efd12b0ab47fd855294dd40752859","商业分析岗（补贴管理岗）","美团","25k-50k","25k-50k
                                    经验不限 / 不限","消费生活 / 上市公司 / 2000人以上"
"1609581847-347","https://www.lagou.com/beijing-zhaopin/shangyeshjufenxi/12/?filterOption=3&sid=455efd12b0ab47fd855294dd40752859","美团优选-商业分析（供应链方向）","美团","20k-40k","20k-40k
                                    经验3-5年 / 本科","消费生活 / 上市公司 / 2000人以上"
"1609581829-266","https://www.lagou.com/beijing-zhaopin/shangyeshjufenxi/18/?filterOption=3&sid=455efd12b0ab47fd855294dd40752859","商业策略分析专家（经营分析）","安居客","30k-60k","30k-60k
                                    经验5-10年 / 本科","移动互联网 / 上市公司 / 500-2000人"
"1609581868-457","https://www.lagou.com/beijing-zhaopin/shangyeshjufenxi/5/?filterOption=3&sid=455efd12b0ab47fd855294dd40752859","商业分析师","晶泰科技","13k-22k","13k-22k
                                    经验1-3年 / 硕士","企业服务 / C轮 / 150-500人"
"1609581838-309","https://www.lagou.com/beijing-zhaopin/shangyeshjufenxi/15/?filterOption=3&sid=455efd12b0ab47fd855294dd40752859","商业分析岗-品质","美团","15k-25k","15k-25k
                                    经验1-3年 / 本科","消费生活 / 上市公司 / 2000人以上"
"1609581835-293","https://www.lagou.com/beijing-zhaopin/shangyeshjufenxi/16/?filterOption=3&sid=455efd12b0ab47fd855294dd40752859","高级/资深商业分析师","贝壳","30k-45k","30k-45k
                                    经验3-5年 / 本科","房产家居 / 上市公司 / 2000人以上"
"1609581871-469","https://www.lagou.com/beijing-zhaopin/shangyeshjufenxi/4/?filterOption=3&sid=455efd12b0ab47fd855294dd40752859","数据分析实习生（商业化方向）","琥珀创想","3k-4k","3k-4k
                                    经验在校/应届 / 本科","移动互联网 / 不需要融资 / 50-150人"
"1609581853-381","https://www.lagou.com/beijing-zhaopin/shangyeshjufenxi/10/?filterOption=3&sid=455efd12b0ab47fd855294dd40752859","商业分析高级经理-教育方向","字节跳动","35k-70k","35k-70k
                                    经验3-5年 / 本科","文娱丨内容 / D轮及以上 / 2000人以上"
"1609581862-432","https://www.lagou.com/beijing-zhaopin/shangyeshjufenxi/7/?filterOption=3&sid=455efd12b0ab47fd855294dd40752859","商业分析师/战略BP（C端）","小米集团","20k-40k","20k-40k
                                    经验5-10年 / 本科","硬件 / 上市公司 / 2000人以上"
"1609581850-359","https://www.lagou.com/beijing-zhaopin/shangyeshjufenxi/11/?filterOption=3&sid=455efd12b0ab47fd855294dd40752859","商业分析专家","字节跳动","20k-40k","20k-40k
                                    经验3-5年 / 本科","文娱丨内容 / D轮及以上 / 2000人以上"
"1609581844-341","https://www.lagou.com/beijing-zhaopin/shangyeshjufenxi/13/?filterOption=3&sid=455efd12b0ab47fd855294dd40752859","外卖-商业分析（业务策略方向）","美团","25k-50k","25k-50k
                                    经验3-5年 / 本科","消费生活 / 上市公司 / 2000人以上"
"1609581868-450","https://www.lagou.com/beijing-zhaopin/shangyeshjufenxi/5/?filterOption=3&sid=455efd12b0ab47fd855294dd40752859","商业分析师","核桃编程","20k-40k","20k-40k
                                    经验3-5年 / 本科","教育 / B轮 / 500-2000人"
"1609581876-498","https://www.lagou.com/beijing-zhaopin/shangyeshjufenxi/2/?filterOption=3&sid=455efd12b0ab47fd855294dd40752859","商业分析师","字节跳动","25k-50k","25k-50k
                                    经验不限 / 本科","文娱丨内容 / D轮及以上 / 2000人以上"
"1609581874-479","https://www.lagou.com/beijing-zhaopin/shangyeshjufenxi/3/?filterOption=3&sid=455efd12b0ab47fd855294dd40752859","有品电商-数据分析师（商业分析专家）","小米集团","20k-35k","20k-35k
                                    经验3-5年 / 本科","硬件 / 上市公司 / 2000人以上"
"1609581841-313","https://www.lagou.com/beijing-zhaopin/shangyeshjufenxi/14/?filterOption=3&sid=455efd12b0ab47fd855294dd40752859","高级商业分析师","京东集团","14k-28k","14k-28k
                                    经验5-10年 / 本科","电商 / 上市公司 / 2000人以上"
"1609581868-462","https://www.lagou.com/beijing-zhaopin/shangyeshjufenxi/5/?filterOption=3&sid=455efd12b0ab47fd855294dd40752859","商业分析专员","玩吧","10k-20k","10k-20k
                                    经验1-3年 / 本科","社交 / B轮 / 500-2000人"
"1609581879-514","https://www.lagou.com/beijing-zhaopin/shangyeshjufenxi/1/?filterOption=3&sid=455efd12b0ab47fd855294dd40752859","商业广告数据分析","网易","15k-30k","15k-30k
                                    经验3-5年 / 本科","电商 / 上市公司 / 2000人以上"
"1609581865-445","https://www.lagou.com/beijing-zhaopin/shangyeshjufenxi/6/?filterOption=3&sid=455efd12b0ab47fd855294dd40752859","高级战略/高级商业分析(J16945)","安居客","20k-40k","20k-40k
                                    经验3-5年 / 本科","移动互联网 / 上市公司 / 500-2000人"
"1609581844-330","https://www.lagou.com/beijing-zhaopin/shangyeshjufenxi/13/?filterOption=3&sid=455efd12b0ab47fd855294dd40752859","数据分析师-【商业化】","快手","20k-40k","20k-40k
                                    经验3-5年 / 本科","文娱丨内容 / D轮及以上 / 2000人以上"
"1609581850-367","https://www.lagou.com/beijing-zhaopin/shangyeshjufenxi/11/?filterOption=3&sid=455efd12b0ab47fd855294dd40752859","美团优选-商业分析（供应链方向）","美团","30k-35k","30k-35k
                                    经验不限 / 不限","消费生活 / 上市公司 / 2000人以上"
"1609581844-336","https://www.lagou.com/beijing-zhaopin/shangyeshjufenxi/13/?filterOption=3&sid=455efd12b0ab47fd855294dd40752859","商业分析师（加盟策略方向）","美团","25k-40k","25k-40k
                                    经验不限 / 不限","消费生活 / 上市公司 / 2000人以上"
"1609581879-515","https://www.lagou.com/beijing-zhaopin/shangyeshjufenxi/1/?filterOption=3&sid=455efd12b0ab47fd855294dd40752859","海外-商业数据分析师（北京）--3778","爱奇艺","25k-45k","25k-45k
                                    经验3-5年 / 本科","文娱丨内容 / 上市公司 / 2000人以上"
"1609581853-374","https://www.lagou.com/beijing-zhaopin/shangyeshjufenxi/10/?filterOption=3&sid=455efd12b0ab47fd855294dd40752859","高级商业分析师","字节跳动","30k-60k","30k-60k
                                    经验不限 / 本科","文娱丨内容 / D轮及以上 / 2000人以上"
"1609581862-427","https://www.lagou.com/beijing-zhaopin/shangyeshjufenxi/7/?filterOption=3&sid=455efd12b0ab47fd855294dd40752859","商业分析专家","大搜车","35k-45k","35k-45k
                                    经验5-10年 / 本科","汽车丨出行 / D轮及以上 / 2000人以上"
"1609581865-437","https://www.lagou.com/beijing-zhaopin/shangyeshjufenxi/6/?filterOption=3&sid=455efd12b0ab47fd855294dd40752859","风险分析专家-【商业化】","快手","15k-30k","15k-30k
                                    经验3-5年 / 本科","文娱丨内容 / D轮及以上 / 2000人以上"
"1609581871-466","https://www.lagou.com/beijing-zhaopin/shangyeshjufenxi/4/?filterOption=3&sid=455efd12b0ab47fd855294dd40752859","商业分析师","圣达龙翔","40k-80k","40k-80k
                                    经验5-10年 / 本科","硬件,数据服务 / 不需要融资 / 150-500人"
"1609581835-291","https://www.lagou.com/beijing-zhaopin/shangyeshjufenxi/16/?filterOption=3&sid=455efd12b0ab47fd855294dd40752859","商业分析专家","美团","30k-40k","30k-40k
                                    经验3-5年 / 本科","消费生活 / 上市公司 / 2000人以上"
"1609581844-337","https://www.lagou.com/beijing-zhaopin/shangyeshjufenxi/13/?filterOption=3&sid=455efd12b0ab47fd855294dd40752859","商业分析师（跑腿配送策略）","美团","20k-25k","20k-25k
                                    经验不限 / 不限","消费生活 / 上市公司 / 2000人以上"
"1609581844-338","https://www.lagou.com/beijing-zhaopin/shangyeshjufenxi/13/?filterOption=3&sid=455efd12b0ab47fd855294dd40752859","高级商业分析专家/高级战略运营专家","车好多集团","30k-50k","30k-50k
                                    经验5-10年 / 本科","消费生活 / D轮及以上 / 2000人以上"
"1609581841-322","https://www.lagou.com/beijing-zhaopin/shangyeshjufenxi/14/?filterOption=3&sid=455efd12b0ab47fd855294dd40752859","商业分析师（流量/用户方向）","美团","25k-45k","25k-45k
                                    经验1-3年 / 本科","消费生活 / 上市公司 / 2000人以上"
"1609581860-415","https://www.lagou.com/beijing-zhaopin/shangyeshjufenxi/8/?filterOption=3&sid=455efd12b0ab47fd855294dd40752859","数据分析、商业分析、战略分析—互联网大厂，高P职位，详聊","趣猎","50k-100k","50k-100k
                                    经验5-10年 / 本科","电商,企业服务 / 未融资 / 15-50人"
"1609581853-376","https://www.lagou.com/beijing-zhaopin/shangyeshjufenxi/10/?filterOption=3&sid=455efd12b0ab47fd855294dd40752859","战略分析师(电商业务)","字节跳动","20k-40k","20k-40k
                                    经验不限 / 本科","文娱丨内容 / D轮及以上 / 2000人以上"
"1609581868-448","https://www.lagou.com/beijing-zhaopin/shangyeshjufenxi/5/?filterOption=3&sid=455efd12b0ab47fd855294dd40752859","商业分析师","Pony.ai 小马智行","15k-30k","15k-30k
                                    经验不限 / 本科","其他 / C轮 / 150-500人"
"1609581853-387","https://www.lagou.com/beijing-zhaopin/shangyeshjufenxi/10/?filterOption=3&sid=455efd12b0ab47fd855294dd40752859","商业战略与分析","字节跳动","15k-30k","15k-30k
                                    经验3-5年 / 本科","文娱丨内容 / D轮及以上 / 2000人以上"
"1609581874-488","https://www.lagou.com/beijing-zhaopin/shangyeshjufenxi/3/?filterOption=3&sid=455efd12b0ab47fd855294dd40752859","商业化运营 数据分析师","贝壳","25k-45k","25k-45k
                                    经验3-5年 / 本科","房产家居 / 上市公司 / 2000人以上"
"1609581832-279","https://www.lagou.com/beijing-zhaopin/shangyeshjufenxi/17/?filterOption=3&sid=455efd12b0ab47fd855294dd40752859","商业分析专家-外卖业务","美团","35k-50k","35k-50k
                                    经验不限 / 不限","消费生活 / 上市公司 / 2000人以上"
"1609581838-298","https://www.lagou.com/beijing-zhaopin/shangyeshjufenxi/15/?filterOption=3&sid=455efd12b0ab47fd855294dd40752859","高级商业分析师（渠道分析）","美团","25k-45k","25k-45k
                                    经验1-3年 / 本科","消费生活 / 上市公司 / 2000人以上"
"1609581850-360","https://www.lagou.com/beijing-zhaopin/shangyeshjufenxi/11/?filterOption=3&sid=455efd12b0ab47fd855294dd40752859","商业分析高级专家","字节跳动","25k-50k","25k-50k
                                    经验3-5年 / 本科","文娱丨内容 / D轮及以上 / 2000人以上"
"1609581832-281","https://www.lagou.com/beijing-zhaopin/shangyeshjufenxi/17/?filterOption=3&sid=455efd12b0ab47fd855294dd40752859","商业分析专家-目标绩效","美团","30k-60k","30k-60k
                                    经验不限 / 不限","消费生活 / 上市公司 / 2000人以上"
"1609581860-416","https://www.lagou.com/beijing-zhaopin/shangyeshjufenxi/8/?filterOption=3&sid=455efd12b0ab47fd855294dd40752859","商业策略分析师","火花思维","15k-30k","15k-30k
                                    经验3-5年 / 本科","移动互联网,教育 / D轮及以上 / 2000人以上"
"1609581876-495","https://www.lagou.com/beijing-zhaopin/shangyeshjufenxi/2/?filterOption=3&sid=455efd12b0ab47fd855294dd40752859","高级数据/商业/行业分析师","汽车之家","15k-20k","15k-20k
                                    经验5-10年 / 本科","汽车丨出行 / 上市公司 / 2000人以上"
"1609581868-449","https://www.lagou.com/beijing-zhaopin/shangyeshjufenxi/5/?filterOption=3&sid=455efd12b0ab47fd855294dd40752859","商业分析师","北京智慧图","15k-30k","15k-30k
                                    经验不限 / 本科","移动互联网,数据服务 / C轮 / 150-500人"
"1609581850-364","https://www.lagou.com/beijing-zhaopin/shangyeshjufenxi/11/?filterOption=3&sid=455efd12b0ab47fd855294dd40752859","市场分析专员-硬件方向","字节跳动","15k-30k","15k-30k
                                    经验不限 / 本科","文娱丨内容 / D轮及以上 / 2000人以上"
"1609581879-508","https://www.lagou.com/beijing-zhaopin/shangyeshjufenxi/1/?filterOption=3&sid=455efd12b0ab47fd855294dd40752859","商业分析师","字节跳动","25k-50k","25k-50k
                                    经验不限 / 本科","文娱丨内容 / D轮及以上 / 2000人以上"
"1609581835-286","https://www.lagou.com/beijing-zhaopin/shangyeshjufenxi/16/?filterOption=3&sid=455efd12b0ab47fd855294dd40752859","高级商业分析师","核桃编程","35k-45k","35k-45k
                                    经验3-5年 / 本科","教育 / B轮 / 500-2000人"
"1609581844-331","https://www.lagou.com/beijing-zhaopin/shangyeshjufenxi/13/?filterOption=3&sid=455efd12b0ab47fd855294dd40752859","高级商业分析师","美团","15k-30k","15k-30k
                                    经验3-5年 / 本科","消费生活 / 上市公司 / 2000人以上"
"1609581862-420","https://www.lagou.com/beijing-zhaopin/shangyeshjufenxi/7/?filterOption=3&sid=455efd12b0ab47fd855294dd40752859","高级商业数据分析师(J10796)","伴鱼","25k-40k","25k-40k
                                    经验5-10年 / 本科","移动互联网 / C轮 / 2000人以上"
"1609581874-478","https://www.lagou.com/beijing-zhaopin/shangyeshjufenxi/3/?filterOption=3&sid=455efd12b0ab47fd855294dd40752859","资深商业分析师（数字化解决方案方向）","久谦咨询","15k-30k","15k-30k
                                    经验1-3年 / 本科","企业服务,数据服务 / 未融资 / 50-150人"
"1609581856-388","https://www.lagou.com/beijing-zhaopin/shangyeshjufenxi/9/?filterOption=3&sid=455efd12b0ab47fd855294dd40752859","商业分析专家","新大瀚人力资源管理","40k-80k","40k-80k
                                    经验3-5年 / 本科","企业服务 / 未融资 / 150-500人"
"1609581865-436","https://www.lagou.com/beijing-zhaopin/shangyeshjufenxi/6/?filterOption=3&sid=455efd12b0ab47fd855294dd40752859","商业模式分析（智能物流设备方向）","京东物流","15k-30k","15k-30k
                                    经验3-5年 / 本科","物流丨运输 / A轮 / 2000人以上"
"1609581879-517","https://www.lagou.com/beijing-zhaopin/shangyeshjufenxi/1/?filterOption=3&sid=455efd12b0ab47fd855294dd40752859","商业分析师","爱学习教育集团","20k-40k","20k-40k
                                    经验不限 / 不限","教育,移动互联网 / D轮及以上 / 2000人以上"
"1609581868-461","https://www.lagou.com/beijing-zhaopin/shangyeshjufenxi/5/?filterOption=3&sid=455efd12b0ab47fd855294dd40752859","商业数据分析师","米雅","16k-28k","16k-28k
                                    经验3-5年 / 本科","移动互联网 / 不需要融资 / 150-500人"
"1609581850-363","https://www.lagou.com/beijing-zhaopin/shangyeshjufenxi/11/?filterOption=3&sid=455efd12b0ab47fd855294dd40752859","商业分析师","美团","20k-40k","20k-40k
                                    经验5-10年 / 本科","消费生活 / 上市公司 / 2000人以上"
"1609581871-474","https://www.lagou.com/beijing-zhaopin/shangyeshjufenxi/4/?filterOption=3&sid=455efd12b0ab47fd855294dd40752859","腾讯广告商业分析师-用户增长方向","腾讯","24k-48k","24k-48k
                                    经验3-5年 / 本科","社交 / 上市公司 / 2000人以上"
"1609581862-422","https://www.lagou.com/beijing-zhaopin/shangyeshjufenxi/7/?filterOption=3&sid=455efd12b0ab47fd855294dd40752859","市场分析（智能物流设备产品方向）","京东物流","15k-30k","15k-30k
                                    经验3-5年 / 本科","物流丨运输 / A轮 / 2000人以上"
"1609581876-506","https://www.lagou.com/beijing-zhaopin/shangyeshjufenxi/2/?filterOption=3&sid=455efd12b0ab47fd855294dd40752859","商业数据分析师","鲸鱼外教培优","11k-22k","11k-22k
                                    经验3-5年 / 本科","教育 / B轮 / 500-2000人"
"1609581856-400","https://www.lagou.com/beijing-zhaopin/shangyeshjufenxi/9/?filterOption=3&sid=455efd12b0ab47fd855294dd40752859","商业分析负责人","字节跳动","30k-50k","30k-50k
                                    经验不限 / 本科","文娱丨内容 / D轮及以上 / 2000人以上"
"1609581847-348","https://www.lagou.com/beijing-zhaopin/shangyeshjufenxi/12/?filterOption=3&sid=455efd12b0ab47fd855294dd40752859","美团优选-物流商业分析专家(经营分析)","美团","20k-40k","20k-40k
                                    经验3-5年 / 本科","消费生活 / 上市公司 / 2000人以上"
"1609581844-335","https://www.lagou.com/beijing-zhaopin/shangyeshjufenxi/13/?filterOption=3&sid=455efd12b0ab47fd855294dd40752859","商业分析师（配送服务产品方向）","美团","20k-25k","20k-25k
                                    经验不限 / 不限","消费生活 / 上市公司 / 2000人以上"
"1609581832-275","https://www.lagou.com/beijing-zhaopin/shangyeshjufenxi/17/?filterOption=3&sid=455efd12b0ab47fd855294dd40752859","资深数据分析-【商业化】","快手","25k-50k","25k-50k
                                    经验3-5年 / 本科","移动互联网 / D轮及以上 / 2000人以上"
"1609581868-455","https://www.lagou.com/beijing-zhaopin/shangyeshjufenxi/5/?filterOption=3&sid=455efd12b0ab47fd855294dd40752859","商业分析师","核桃编程","25k-40k","25k-40k
                                    经验5-10年 / 本科","教育 / B轮 / 500-2000人"
"1609581879-522","https://www.lagou.com/beijing-zhaopin/shangyeshjufenxi/1/?filterOption=3&sid=455efd12b0ab47fd855294dd40752859","高级商业数据分析师(J10796)","伴鱼","20k-40k","20k-40k
                                    经验3-5年 / 本科","移动互联网 / C轮 / 2000人以上"
"1609581862-421","https://www.lagou.com/beijing-zhaopin/shangyeshjufenxi/7/?filterOption=3&sid=455efd12b0ab47fd855294dd40752859","高级商业分析专家/高级策略运营专家","车好多集团","30k-50k","30k-50k
                                    经验5-10年 / 本科","消费生活 / D轮及以上 / 2000人以上"
"1609581838-306","https://www.lagou.com/beijing-zhaopin/shangyeshjufenxi/15/?filterOption=3&sid=455efd12b0ab47fd855294dd40752859","商业分析-产品策略经营分析","美团","12k-23k","12k-23k
                                    经验1年以下 / 本科","消费生活 / 上市公司 / 2000人以上"
"1609581832-270","https://www.lagou.com/beijing-zhaopin/shangyeshjufenxi/17/?filterOption=3&sid=455efd12b0ab47fd855294dd40752859","数据分析专家-【商业化联盟】","快手","30k-60k","30k-60k
                                    经验在校/应届 / 本科","文娱丨内容 / D轮及以上 / 2000人以上"
"1609581835-295","https://www.lagou.com/beijing-zhaopin/shangyeshjufenxi/16/?filterOption=3&sid=455efd12b0ab47fd855294dd40752859","商业分析Team Leader","美团","40k-60k","40k-60k
                                    经验3-5年 / 本科","消费生活 / 上市公司 / 2000人以上"
"1609581862-423","https://www.lagou.com/beijing-zhaopin/shangyeshjufenxi/7/?filterOption=3&sid=455efd12b0ab47fd855294dd40752859","本地生活-商业数据分析专家-支付业务","饿了么","20k-30k","20k-30k
                                    经验5-10年 / 本科","消费生活 / D轮及以上 / 2000人以上"
"1609581847-349","https://www.lagou.com/beijing-zhaopin/shangyeshjufenxi/12/?filterOption=3&sid=455efd12b0ab47fd855294dd40752859","商业分析专家(经营策略)-美团优选","美团","20k-40k","20k-40k
                                    经验3-5年 / 本科","消费生活 / 上市公司 / 2000人以上"
"1609581841-317","https://www.lagou.com/beijing-zhaopin/shangyeshjufenxi/14/?filterOption=3&sid=455efd12b0ab47fd855294dd40752859","【配送】商业分析师（收益策略）","美团","25k-45k","25k-45k
                                    经验3-5年 / 本科","消费生活 / 上市公司 / 2000人以上"
"1609581856-396","https://www.lagou.com/beijing-zhaopin/shangyeshjufenxi/9/?filterOption=3&sid=455efd12b0ab47fd855294dd40752859","商业分析师-代理商方向","字节跳动","25k-50k","25k-50k
                                    经验不限 / 本科","文娱丨内容 / D轮及以上 / 2000人以上"
"1609581865-439","https://www.lagou.com/beijing-zhaopin/shangyeshjufenxi/6/?filterOption=3&sid=455efd12b0ab47fd855294dd40752859","海外商业分析师","金山办公软件","15k-30k","15k-30k
                                    经验3-5年 / 本科","移动互联网 / 上市公司 / 2000人以上"
"1609581868-456","https://www.lagou.com/beijing-zhaopin/shangyeshjufenxi/5/?filterOption=3&sid=455efd12b0ab47fd855294dd40752859","高级商业分析师（游戏）","陌陌","20k-35k","20k-35k
                                    经验3-5年 / 本科","社交 / 上市公司 / 500-2000人"
"1609581876-496","https://www.lagou.com/beijing-zhaopin/shangyeshjufenxi/2/?filterOption=3&sid=455efd12b0ab47fd855294dd40752859","商业分析师","滴滴","20k-40k","20k-40k
                                    经验5-10年 / 本科","汽车丨出行 / 不需要融资 / 2000人以上"
"1609581856-401","https://www.lagou.com/beijing-zhaopin/shangyeshjufenxi/9/?filterOption=3&sid=455efd12b0ab47fd855294dd40752859","商业分析-绩效方向","字节跳动","15k-30k","15k-30k
                                    经验不限 / 本科","文娱丨内容 / D轮及以上 / 2000人以上"
"1609581853-377","https://www.lagou.com/beijing-zhaopin/shangyeshjufenxi/10/?filterOption=3&sid=455efd12b0ab47fd855294dd40752859","国际化商业变现数据分析师","字节跳动","20k-40k","20k-40k
                                    经验不限 / 本科","文娱丨内容 / D轮及以上 / 2000人以上"
"1609581868-451","https://www.lagou.com/beijing-zhaopin/shangyeshjufenxi/5/?filterOption=3&sid=455efd12b0ab47fd855294dd40752859","商业分析师","奈雪的茶","20k-40k","20k-40k
                                    经验3-5年 / 本科","电商,消费生活 / 不需要融资 / 150-500人"
"1609581868-454","https://www.lagou.com/beijing-zhaopin/shangyeshjufenxi/5/?filterOption=3&sid=455efd12b0ab47fd855294dd40752859","商业分析师","京东数字科技","25k-35k","25k-35k
                                    经验5-10年 / 本科","金融 / 上市公司 / 2000人以上"
"1609581841-323","https://www.lagou.com/beijing-zhaopin/shangyeshjufenxi/14/?filterOption=3&sid=455efd12b0ab47fd855294dd40752859","数据分析师（数据建设及管理方向）-【商业化】","快手","20k-40k","20k-40k
                                    经验3-5年 / 本科","文娱丨内容 / D轮及以上 / 2000人以上"
"1609581841-327","https://www.lagou.com/beijing-zhaopin/shangyeshjufenxi/14/?filterOption=3&sid=455efd12b0ab47fd855294dd40752859","高级商业分析师（行业分析）","美团","20k-40k","20k-40k
                                    经验1-3年 / 本科","消费生活 / 上市公司 / 2000人以上"
"1609581860-414","https://www.lagou.com/beijing-zhaopin/shangyeshjufenxi/8/?filterOption=3&sid=455efd12b0ab47fd855294dd40752859","商业与策略分析师-【商业化】","快手","20k-40k","20k-40k
                                    经验3-5年 / 本科","移动互联网 / D轮及以上 / 2000人以上"
"1609581871-463","https://www.lagou.com/beijing-zhaopin/shangyeshjufenxi/4/?filterOption=3&sid=455efd12b0ab47fd855294dd40752859","资深商业分析师 (MJ002054)","作业帮","30k-50k","30k-50k
                                    经验5-10年 / 本科","工具 / D轮及以上 / 2000人以上"
"1609581871-471","https://www.lagou.com/beijing-zhaopin/shangyeshjufenxi/4/?filterOption=3&sid=455efd12b0ab47fd855294dd40752859","商业数据分析经理 (MJ000206)","翼鸥教育","25k-40k","25k-40k
                                    经验不限 / 本科","移动互联网,教育 / C轮 / 150-500人"
"1609581871-472","https://www.lagou.com/beijing-zhaopin/shangyeshjufenxi/4/?filterOption=3&sid=455efd12b0ab47fd855294dd40752859","移动生态运营管理部_商业分析师（业务视角）","百度","20k-40k","20k-40k
                                    经验不限 / 本科","工具 / 上市公司 / 2000人以上"
"1609581874-485","https://www.lagou.com/beijing-zhaopin/shangyeshjufenxi/3/?filterOption=3&sid=455efd12b0ab47fd855294dd40752859","商业分析师（绩效目标激励方向-品牌业务线）","美团","25k-50k","25k-50k
                                    经验不限 / 不限","消费生活 / 上市公司 / 2000人以上"
"1609581838-301","https://www.lagou.com/beijing-zhaopin/shangyeshjufenxi/15/?filterOption=3&sid=455efd12b0ab47fd855294dd40752859","美团打车-商业分析（经营分析）","美团","30k-50k","30k-50k
                                    经验3-5年 / 本科","消费生活 / 上市公司 / 2000人以上"
"1609581850-372","https://www.lagou.com/beijing-zhaopin/shangyeshjufenxi/11/?filterOption=3&sid=455efd12b0ab47fd855294dd40752859","商业分析师","作业帮","18k-25k","18k-25k
                                    经验3-5年 / 本科","工具 / D轮及以上 / 2000人以上"
"1609581844-333","https://www.lagou.com/beijing-zhaopin/shangyeshjufenxi/13/?filterOption=3&sid=455efd12b0ab47fd855294dd40752859","商业分析专家(J200831022)","滴滴","20k-40k","20k-40k
                                    经验3-5年 / 本科","汽车丨出行 / 不需要融资 / 2000人以上"
"1609581832-282","https://www.lagou.com/beijing-zhaopin/shangyeshjufenxi/17/?filterOption=3&sid=455efd12b0ab47fd855294dd40752859","商业分析-数据方向","安居客","20k-40k","20k-40k
                                    经验3-5年 / 本科","移动互联网 / 上市公司 / 500-2000人"
"1609581856-393","https://www.lagou.com/beijing-zhaopin/shangyeshjufenxi/9/?filterOption=3&sid=455efd12b0ab47fd855294dd40752859","内容运营兼市场分析师","ARPA","8k-12k","8k-12k
                                    经验不限 / 本科","企业服务,信息安全,区块链,数据服务 / 不需要融资 / 50-150人"
"1609581865-435","https://www.lagou.com/beijing-zhaopin/shangyeshjufenxi/6/?filterOption=3&sid=455efd12b0ab47fd855294dd40752859","商业分析师-【内容运营中心】","快手","20k-40k","20k-40k
                                    经验1-3年 / 本科","文娱丨内容 / D轮及以上 / 2000人以上"
"1609581879-512","https://www.lagou.com/beijing-zhaopin/shangyeshjufenxi/1/?filterOption=3&sid=455efd12b0ab47fd855294dd40752859","商业分析师 - 有道事业群","网易","20k-30k","20k-30k
                                    经验1-3年 / 本科","电商 / 上市公司 / 2000人以上"
"1609581853-383","https://www.lagou.com/beijing-zhaopin/shangyeshjufenxi/10/?filterOption=3&sid=455efd12b0ab47fd855294dd40752859","游戏业务管理-资深商业分析师","字节跳动","20k-40k","20k-40k
                                    经验不限 / 本科","文娱丨内容 / D轮及以上 / 2000人以上"
"1609581874-489","https://www.lagou.com/beijing-zhaopin/shangyeshjufenxi/3/?filterOption=3&sid=455efd12b0ab47fd855294dd40752859","商业分析师（BI）","贝壳","25k-40k","25k-40k
                                    经验5-10年 / 本科","房产家居 / 上市公司 / 2000人以上"
"1609581860-413","https://www.lagou.com/beijing-zhaopin/shangyeshjufenxi/8/?filterOption=3&sid=455efd12b0ab47fd855294dd40752859","数据分析师-【商业化】","快手","20k-40k","20k-40k
                                    经验3-5年 / 本科","移动互联网 / D轮及以上 / 2000人以上"
"1609581860-404","https://www.lagou.com/beijing-zhaopin/shangyeshjufenxi/8/?filterOption=3&sid=455efd12b0ab47fd855294dd40752859","2021校招-商业分析","掌上先机-旺店通ERP","8k-15k","8k-15k
                                    经验在校/应届 / 本科","移动互联网,电商 / A轮 / 2000人以上"
"1609581862-431","https://www.lagou.com/beijing-zhaopin/shangyeshjufenxi/7/?filterOption=3&sid=455efd12b0ab47fd855294dd40752859","商业分析高级经理","每日优鲜","30k-50k","30k-50k
                                    经验3-5年 / 本科","移动互联网,电商 / D轮及以上 / 2000人以上"
"1609581860-407","https://www.lagou.com/beijing-zhaopin/shangyeshjufenxi/8/?filterOption=3&sid=455efd12b0ab47fd855294dd40752859","会员-资深商业分析师","爱奇艺","28k-38k","28k-38k
                                    经验5-10年 / 本科","文娱丨内容 / 上市公司 / 2000人以上"
"1609581853-385","https://www.lagou.com/beijing-zhaopin/shangyeshjufenxi/10/?filterOption=3&sid=455efd12b0ab47fd855294dd40752859","内容策略分析师-商业化方向","字节跳动","15k-30k","15k-30k
                                    经验1-3年 / 本科","文娱丨内容 / D轮及以上 / 2000人以上"
"1609581853-373","https://www.lagou.com/beijing-zhaopin/shangyeshjufenxi/10/?filterOption=3&sid=455efd12b0ab47fd855294dd40752859","商业分析负责人","字节跳动","30k-60k","30k-60k
                                    经验不限 / 本科","文娱丨内容 / D轮及以上 / 2000人以上"
"1609581876-507","https://www.lagou.com/beijing-zhaopin/shangyeshjufenxi/2/?filterOption=3&sid=455efd12b0ab47fd855294dd40752859","商业分析师","火花思维","15k-25k","15k-25k
                                    经验3-5年 / 本科","移动互联网,教育 / D轮及以上 / 2000人以上"
"1609581853-384","https://www.lagou.com/beijing-zhaopin/shangyeshjufenxi/10/?filterOption=3&sid=455efd12b0ab47fd855294dd40752859","商业分析负责人","字节跳动","30k-50k","30k-50k
                                    经验不限 / 本科","文娱丨内容 / D轮及以上 / 2000人以上"
"1609581860-412","https://www.lagou.com/beijing-zhaopin/shangyeshjufenxi/8/?filterOption=3&sid=455efd12b0ab47fd855294dd40752859","商业分析经理 (MJ000258)","能链集团","15k-25k","15k-25k
                                    经验不限 / 本科","移动互联网,电商 / D轮及以上 / 500-2000人"
"1609581871-470","https://www.lagou.com/beijing-zhaopin/shangyeshjufenxi/4/?filterOption=3&sid=455efd12b0ab47fd855294dd40752859","商业数据分析师-华北","GrowingIO","20k-40k","20k-40k
                                    经验3-5年 / 本科","企业服务,数据服务 / B轮 / 150-500人"
"1609581832-276","https://www.lagou.com/beijing-zhaopin/shangyeshjufenxi/17/?filterOption=3&sid=455efd12b0ab47fd855294dd40752859","高级商业分析师","快手","20k-40k","20k-40k
                                    经验3-5年 / 本科","文娱丨内容 / D轮及以上 / 2000人以上"
"1609581860-405","https://www.lagou.com/beijing-zhaopin/shangyeshjufenxi/8/?filterOption=3&sid=455efd12b0ab47fd855294dd40752859","商业分析师（商户B端）","同程旅行","18k-28k","18k-28k
                                    经验3-5年 / 本科","旅游 / 上市公司 / 2000人以上"
"1609581876-501","https://www.lagou.com/beijing-zhaopin/shangyeshjufenxi/2/?filterOption=3&sid=455efd12b0ab47fd855294dd40752859","腾讯视频商业分析师","腾讯","25k-35k","25k-35k
                                    经验3-5年 / 本科","社交 / 上市公司 / 2000人以上"
"1609581862-419","https://www.lagou.com/beijing-zhaopin/shangyeshjufenxi/7/?filterOption=3&sid=455efd12b0ab47fd855294dd40752859","商业分析师(JFWT1)","BLUECITY蓝城兄弟","20k-35k","20k-35k
                                    经验不限 / 本科","移动互联网,社交 / 上市公司 / 500-2000人"
"1609581847-356","https://www.lagou.com/beijing-zhaopin/shangyeshjufenxi/12/?filterOption=3&sid=455efd12b0ab47fd855294dd40752859","高级商业分析师","快手","20k-40k","20k-40k
                                    经验3-5年 / 本科","文娱丨内容 / D轮及以上 / 2000人以上"
"1609581865-443","https://www.lagou.com/beijing-zhaopin/shangyeshjufenxi/6/?filterOption=3&sid=455efd12b0ab47fd855294dd40752859","商业分析师","百度","18k-36k","18k-36k
                                    经验3-5年 / 硕士","工具 / 上市公司 / 2000人以上"
"1609581871-477","https://www.lagou.com/beijing-zhaopin/shangyeshjufenxi/4/?filterOption=3&sid=455efd12b0ab47fd855294dd40752859","数据分析师（商业分析师方向）","新意互动","15k-25k","15k-25k
                                    经验3-5年 / 不限","广告营销 / 上市公司 / 500-2000人"
"1609581841-319","https://www.lagou.com/beijing-zhaopin/shangyeshjufenxi/14/?filterOption=3&sid=455efd12b0ab47fd855294dd40752859","【配送】商业分析师（绩效方向）","美团","25k-50k","25k-50k
                                    经验3-5年 / 本科","消费生活 / 上市公司 / 2000人以上"
"1609581850-358","https://www.lagou.com/beijing-zhaopin/shangyeshjufenxi/11/?filterOption=3&sid=455efd12b0ab47fd855294dd40752859","商业化数据分析师","字节跳动","20k-40k","20k-40k
                                    经验3-5年 / 本科","文娱丨内容 / D轮及以上 / 2000人以上"
"1609581850-368","https://www.lagou.com/beijing-zhaopin/shangyeshjufenxi/11/?filterOption=3&sid=455efd12b0ab47fd855294dd40752859","商业分析部-游戏方向商业分析师","美团","25k-50k","25k-50k
                                    经验不限 / 不限","消费生活 / 上市公司 / 2000人以上"
"1609581838-311","https://www.lagou.com/beijing-zhaopin/shangyeshjufenxi/15/?filterOption=3&sid=455efd12b0ab47fd855294dd40752859","商业分析师（数分方向）","美团","18k-33k","18k-33k
                                    经验1-3年 / 本科","消费生活 / 上市公司 / 2000人以上"
"1609581835-294","https://www.lagou.com/beijing-zhaopin/shangyeshjufenxi/16/?filterOption=3&sid=455efd12b0ab47fd855294dd40752859","商业分析专家（行研方向）","美团","25k-40k","25k-40k
                                    经验3-5年 / 本科","消费生活 / 上市公司 / 2000人以上"
"1609581829-264","https://www.lagou.com/beijing-zhaopin/shangyeshjufenxi/18/?filterOption=3&sid=455efd12b0ab47fd855294dd40752859","高级商业分析（行业研究）","美团","25k-35k","25k-35k
                                    经验3-5年 / 本科","消费生活 / 上市公司 / 2000人以上"
"1609581850-361","https://www.lagou.com/beijing-zhaopin/shangyeshjufenxi/11/?filterOption=3&sid=455efd12b0ab47fd855294dd40752859","资深财务分析-商业产品","字节跳动","20k-40k","20k-40k
                                    经验3-5年 / 本科","文娱丨内容 / D轮及以上 / 2000人以上"
"1609581879-520","https://www.lagou.com/beijing-zhaopin/shangyeshjufenxi/1/?filterOption=3&sid=455efd12b0ab47fd855294dd40752859","商业分析","nice","18k-30k","18k-30k
                                    经验1-3年 / 本科","移动互联网,社交 / C轮 / 150-500人"
"1609581865-438","https://www.lagou.com/beijing-zhaopin/shangyeshjufenxi/6/?filterOption=3&sid=455efd12b0ab47fd855294dd40752859","商业数据分析师(8PX61)","多点Dmall","20k-25k","20k-25k
                                    经验5-10年 / 本科","电商,消费生活 / C轮 / 500-2000人"
"1609581879-521","https://www.lagou.com/beijing-zhaopin/shangyeshjufenxi/1/?filterOption=3&sid=455efd12b0ab47fd855294dd40752859","商业分析师","人人车","15k-25k","15k-25k
                                    经验1-3年 / 本科","汽车丨出行 / D轮及以上 / 2000人以上"
"1609581838-312","https://www.lagou.com/beijing-zhaopin/shangyeshjufenxi/15/?filterOption=3&sid=455efd12b0ab47fd855294dd40752859","商业分析师-【运营部】","快手","15k-30k","15k-30k
                                    经验1-3年 / 本科","文娱丨内容 / D轮及以上 / 2000人以上"
"1609581838-304","https://www.lagou.com/beijing-zhaopin/shangyeshjufenxi/15/?filterOption=3&sid=455efd12b0ab47fd855294dd40752859","商业分析leader-保险产品线","美团","40k-80k","40k-80k
                                    经验10年以上 / 本科","消费生活 / 上市公司 / 2000人以上"
"1609581850-366","https://www.lagou.com/beijing-zhaopin/shangyeshjufenxi/11/?filterOption=3&sid=455efd12b0ab47fd855294dd40752859","商业分析师","美团","20k-40k","20k-40k
                                    经验3-5年 / 本科","消费生活 / 上市公司 / 2000人以上"
"1609581874-491","https://www.lagou.com/beijing-zhaopin/shangyeshjufenxi/3/?filterOption=3&sid=455efd12b0ab47fd855294dd40752859","商业分析","车好多集团","20k-40k","20k-40k
                                    经验3-5年 / 本科","消费生活 / D轮及以上 / 2000人以上"
"1609581832-280","https://www.lagou.com/beijing-zhaopin/shangyeshjufenxi/17/?filterOption=3&sid=455efd12b0ab47fd855294dd40752859","商业分析资深专家-外卖业务","美团","50k-80k","50k-80k
                                    经验不限 / 本科","消费生活 / 上市公司 / 2000人以上"
"1609581841-314","https://www.lagou.com/beijing-zhaopin/shangyeshjufenxi/14/?filterOption=3&sid=455efd12b0ab47fd855294dd40752859","高级商业分析师","滴滴","20k-40k","20k-40k
                                    经验3-5年 / 本科","汽车丨出行 / 不需要融资 / 2000人以上"
"1609581844-334","https://www.lagou.com/beijing-zhaopin/shangyeshjufenxi/13/?filterOption=3&sid=455efd12b0ab47fd855294dd40752859","商业分析师（企客策略方向）","美团","25k-40k","25k-40k
                                    经验不限 / 本科","消费生活 / 上市公司 / 2000人以上"
"1609581871-473","https://www.lagou.com/beijing-zhaopin/shangyeshjufenxi/4/?filterOption=3&sid=455efd12b0ab47fd855294dd40752859","商业分析师/数据分析师","水滴 WATERDROP INC","15k-25k","15k-25k
                                    经验3-5年 / 本科","金融 / D轮及以上 / 2000人以上"
"1609581832-277","https://www.lagou.com/beijing-zhaopin/shangyeshjufenxi/17/?filterOption=3&sid=455efd12b0ab47fd855294dd40752859","商业数据分析-数据科学方向","美团","4k-6k","4k-6k
                                    经验在校/应届 / 硕士","消费生活 / 上市公司 / 2000人以上"
"1609581868-459","https://www.lagou.com/beijing-zhaopin/shangyeshjufenxi/5/?filterOption=3&sid=455efd12b0ab47fd855294dd40752859","商业数据分析师","居理新房","15k-20k","15k-20k
                                    经验3-5年 / 本科","移动互联网 / C轮 / 2000人以上"
"1609581879-518","https://www.lagou.com/beijing-zhaopin/shangyeshjufenxi/1/?filterOption=3&sid=455efd12b0ab47fd855294dd40752859","商业分析师","易观","15k-30k","15k-30k
                                    经验3-5年 / 本科","移动互联网,数据服务 / B轮 / 150-500人"
"1609581856-394","https://www.lagou.com/beijing-zhaopin/shangyeshjufenxi/9/?filterOption=3&sid=455efd12b0ab47fd855294dd40752859","市场分析助理","北京法国电信研发中心有限公司","2k-3k","2k-3k
                                    经验在校/应届 / 硕士","移动互联网,人工智能 / 未融资 / 15-50人"
"1609581841-318","https://www.lagou.com/beijing-zhaopin/shangyeshjufenxi/14/?filterOption=3&sid=455efd12b0ab47fd855294dd40752859","【配送】商业分析师（策略方向）","美团","20k-40k","20k-40k
                                    经验3-5年 / 本科","消费生活 / 上市公司 / 2000人以上"
"1609581865-442","https://www.lagou.com/beijing-zhaopin/shangyeshjufenxi/6/?filterOption=3&sid=455efd12b0ab47fd855294dd40752859","商业数据分析","京东集团","20k-40k","20k-40k
                                    经验5-10年 / 本科","电商 / 上市公司 / 2000人以上"
"1609581879-510","https://www.lagou.com/beijing-zhaopin/shangyeshjufenxi/1/?filterOption=3&sid=455efd12b0ab47fd855294dd40752859","商业分析（经营规划）","美团","25k-40k","25k-40k
                                    经验1-3年 / 本科","消费生活 / 上市公司 / 2000人以上"
"1609581835-283","https://www.lagou.com/beijing-zhaopin/shangyeshjufenxi/16/?filterOption=3&sid=455efd12b0ab47fd855294dd40752859","商业分析师 (MJ005519)","作业帮","15k-30k","15k-30k
                                    经验3-5年 / 本科","工具 / D轮及以上 / 2000人以上"
"1609581841-321","https://www.lagou.com/beijing-zhaopin/shangyeshjufenxi/14/?filterOption=3&sid=455efd12b0ab47fd855294dd40752859","公交业务-高级商业分析师（用户策略）","美团","35k-50k","35k-50k
                                    经验3-5年 / 本科","消费生活 / 上市公司 / 2000人以上"
"1609581874-492","https://www.lagou.com/beijing-zhaopin/shangyeshjufenxi/3/?filterOption=3&sid=455efd12b0ab47fd855294dd40752859","商业分析师 (MJ002324)","作业帮","20k-30k","20k-30k
                                    经验3-5年 / 本科","工具 / D轮及以上 / 2000人以上"
"1609581853-386","https://www.lagou.com/beijing-zhaopin/shangyeshjufenxi/10/?filterOption=3&sid=455efd12b0ab47fd855294dd40752859","商业化产品战略 - 数据分析师","字节跳动","30k-60k","30k-60k
                                    经验3-5年 / 本科","文娱丨内容 / D轮及以上 / 2000人以上"
"1609581856-397","https://www.lagou.com/beijing-zhaopin/shangyeshjufenxi/9/?filterOption=3&sid=455efd12b0ab47fd855294dd40752859","商业化数据分析师-电商广告方向","字节跳动","30k-60k","30k-60k
                                    经验3-5年 / 本科","文娱丨内容 / D轮及以上 / 2000人以上"
"1609581850-370","https://www.lagou.com/beijing-zhaopin/shangyeshjufenxi/11/?filterOption=3&sid=455efd12b0ab47fd855294dd40752859","商业分析师","美团","15k-30k","15k-30k
                                    经验3-5年 / 本科","消费生活 / 上市公司 / 2000人以上"
"1609581856-395","https://www.lagou.com/beijing-zhaopin/shangyeshjufenxi/9/?filterOption=3&sid=455efd12b0ab47fd855294dd40752859","商业分析专家-电商广告方向","字节跳动","30k-60k","30k-60k
                                    经验不限 / 本科","文娱丨内容 / D轮及以上 / 2000人以上"
"1609581829-265","https://www.lagou.com/beijing-zhaopin/shangyeshjufenxi/18/?filterOption=3&sid=455efd12b0ab47fd855294dd40752859","高级商业分析师","美团","20k-35k","20k-35k
                                    经验3-5年 / 本科","消费生活 / 上市公司 / 2000人以上"
"1609581841-315","https://www.lagou.com/beijing-zhaopin/shangyeshjufenxi/14/?filterOption=3&sid=455efd12b0ab47fd855294dd40752859","商业分析师（O2O零售方向）","美团","25k-30k","25k-30k
                                    经验不限 / 不限","消费生活 / 上市公司 / 2000人以上"
"1609581832-272","https://www.lagou.com/beijing-zhaopin/shangyeshjufenxi/17/?filterOption=3&sid=455efd12b0ab47fd855294dd40752859","商业分析实习生","快手","4k-7k","4k-7k
                                    经验不限 / 本科","文娱丨内容 / D轮及以上 / 2000人以上"
"1609581835-296","https://www.lagou.com/beijing-zhaopin/shangyeshjufenxi/16/?filterOption=3&sid=455efd12b0ab47fd855294dd40752859","商业分析专家","滴滴","20k-40k","20k-40k
                                    经验5-10年 / 本科","汽车丨出行 / 不需要融资 / 2000人以上"
"1609581847-352","https://www.lagou.com/beijing-zhaopin/shangyeshjufenxi/12/?filterOption=3&sid=455efd12b0ab47fd855294dd40752859","高级商业分析师（BI）—如视","贝壳","20k-35k","20k-35k
                                    经验3-5年 / 本科","房产家居 / 上市公司 / 2000人以上"
"1609581862-426","https://www.lagou.com/beijing-zhaopin/shangyeshjufenxi/7/?filterOption=3&sid=455efd12b0ab47fd855294dd40752859","商业分析-补贴策略","达达集团","20k-35k","20k-35k
                                    经验不限 / 不限","消费生活 / 上市公司 / 2000人以上"
"1609581832-278","https://www.lagou.com/beijing-zhaopin/shangyeshjufenxi/17/?filterOption=3&sid=455efd12b0ab47fd855294dd40752859","市场分析师","贝壳","20k-30k","20k-30k
                                    经验3-5年 / 本科","房产家居 / 上市公司 / 2000人以上"
"1609581876-505","https://www.lagou.com/beijing-zhaopin/shangyeshjufenxi/2/?filterOption=3&sid=455efd12b0ab47fd855294dd40752859","商业数据分析师","蓝标传媒","7k-8k","7k-8k
                                    经验1年以下 / 本科","移动互联网,广告营销 / 不需要融资 / 500-2000人"
"1609581876-504","https://www.lagou.com/beijing-zhaopin/shangyeshjufenxi/2/?filterOption=3&sid=455efd12b0ab47fd855294dd40752859","集团商业分析经理","贝壳","25k-50k","25k-50k
                                    经验不限 / 本科","房产家居 / 上市公司 / 2000人以上"
"1609581838-303","https://www.lagou.com/beijing-zhaopin/shangyeshjufenxi/15/?filterOption=3&sid=455efd12b0ab47fd855294dd40752859","商业分析师-理财产品线","美团","30k-60k","30k-60k
                                    经验5-10年 / 本科","消费生活 / 上市公司 / 2000人以上"
"1609581847-351","https://www.lagou.com/beijing-zhaopin/shangyeshjufenxi/12/?filterOption=3&sid=455efd12b0ab47fd855294dd40752859","商业分析师","美团","20k-30k","20k-30k
                                    经验3-5年 / 本科","消费生活 / 上市公司 / 2000人以上"
"1609581847-343","https://www.lagou.com/beijing-zhaopin/shangyeshjufenxi/12/?filterOption=3&sid=455efd12b0ab47fd855294dd40752859","高级商业分析专家","百度","20k-40k","20k-40k
                                    经验不限 / 本科","工具 / 上市公司 / 2000人以上"
"1609581879-509","https://www.lagou.com/beijing-zhaopin/shangyeshjufenxi/1/?filterOption=3&sid=455efd12b0ab47fd855294dd40752859","商业分析师","字节跳动","10k-20k","10k-20k
                                    经验3-5年 / 本科","文娱丨内容 / D轮及以上 / 2000人以上"
"1609581860-417","https://www.lagou.com/beijing-zhaopin/shangyeshjufenxi/8/?filterOption=3&sid=455efd12b0ab47fd855294dd40752859","商业分析经理","能链集团","20k-25k","20k-25k
                                    经验3-5年 / 本科","移动互联网,电商 / D轮及以上 / 500-2000人"
"1609581874-487","https://www.lagou.com/beijing-zhaopin/shangyeshjufenxi/3/?filterOption=3&sid=455efd12b0ab47fd855294dd40752859","商业分析（酒店） (MJ004699)","去哪儿网","25k-40k","25k-40k
                                    经验不限 / 本科","旅游 / 不需要融资 / 2000人以上"
"1609581876-494","https://www.lagou.com/beijing-zhaopin/shangyeshjufenxi/2/?filterOption=3&sid=455efd12b0ab47fd855294dd40752859","商业数据分析师 Business Data Analyst","印象笔记","10k-20k","10k-20k
                                    经验3-5年 / 本科","移动互联网,企业服务 / A轮 / 50-150人"
"1609581835-289","https://www.lagou.com/beijing-zhaopin/shangyeshjufenxi/16/?filterOption=3&sid=455efd12b0ab47fd855294dd40752859","商业数据分析专家(质量管理)","滴滴","20k-35k","20k-35k
                                    经验3-5年 / 本科","汽车丨出行 / 不需要融资 / 2000人以上"
"1609581879-516","https://www.lagou.com/beijing-zhaopin/shangyeshjufenxi/1/?filterOption=3&sid=455efd12b0ab47fd855294dd40752859","商业分析师","天眼查","15k-30k","15k-30k
                                    经验不限 / 本科","数据服务 / 不需要融资 / 500-2000人"
"1609581879-513","https://www.lagou.com/beijing-zhaopin/shangyeshjufenxi/1/?filterOption=3&sid=455efd12b0ab47fd855294dd40752859","商业分析师（轻快餐）","美团","25k-50k","25k-50k
                                    经验1-3年 / 本科","消费生活 / 上市公司 / 2000人以上"
"1609581847-353","https://www.lagou.com/beijing-zhaopin/shangyeshjufenxi/12/?filterOption=3&sid=455efd12b0ab47fd855294dd40752859","商业分析负责人-北京（奖金激励与分析）","美团","30k-45k","30k-45k
                                    经验3-5年 / 本科","消费生活 / 上市公司 / 2000人以上"
"1609581835-285","https://www.lagou.com/beijing-zhaopin/shangyeshjufenxi/16/?filterOption=3&sid=455efd12b0ab47fd855294dd40752859","商业分析岗（跨业务分析）","美团","30k-45k","30k-45k
                                    经验3-5年 / 本科","消费生活 / 上市公司 / 2000人以上"
"1609581838-308","https://www.lagou.com/beijing-zhaopin/shangyeshjufenxi/15/?filterOption=3&sid=455efd12b0ab47fd855294dd40752859","产品及运营部-高级商业分析师","美团","10k-20k","10k-20k
                                    经验3-5年 / 本科","消费生活 / 上市公司 / 2000人以上"
"1609581841-326","https://www.lagou.com/beijing-zhaopin/shangyeshjufenxi/14/?filterOption=3&sid=455efd12b0ab47fd855294dd40752859","商业与策略分析师-【商业化】","快手","20k-40k","20k-40k
                                    经验3-5年 / 本科","文娱丨内容 / D轮及以上 / 2000人以上"
"1609581829-261","https://www.lagou.com/beijing-zhaopin/shangyeshjufenxi/18/?filterOption=3&sid=455efd12b0ab47fd855294dd40752859","商业分析-策略方向(J15946)","安居客","20k-40k","20k-40k
                                    经验3-5年 / 本科","移动互联网 / 上市公司 / 500-2000人"
"1609581856-399","https://www.lagou.com/beijing-zhaopin/shangyeshjufenxi/9/?filterOption=3&sid=455efd12b0ab47fd855294dd40752859","商业分析高级经理","字节跳动","25k-50k","25k-50k
                                    经验3-5年 / 本科","文娱丨内容 / D轮及以上 / 2000人以上"
"1609581847-357","https://www.lagou.com/beijing-zhaopin/shangyeshjufenxi/12/?filterOption=3&sid=455efd12b0ab47fd855294dd40752859","电商业务分析（高级数据分析师） (MJ008046)","作业帮","15k-25k","15k-25k
                                    经验3-5年 / 本科","工具 / D轮及以上 / 2000人以上"
"1609581865-444","https://www.lagou.com/beijing-zhaopin/shangyeshjufenxi/6/?filterOption=3&sid=455efd12b0ab47fd855294dd40752859","战略与商业分析师(J201030028)","滴滴","20k-30k","20k-30k
                                    经验3-5年 / 本科","汽车丨出行 / 不需要融资 / 2000人以上"
"1609581847-350","https://www.lagou.com/beijing-zhaopin/shangyeshjufenxi/12/?filterOption=3&sid=455efd12b0ab47fd855294dd40752859","营销研究分析员-【商业化】","快手","20k-40k","20k-40k
                                    经验3-5年 / 本科","文娱丨内容 / D轮及以上 / 2000人以上"
"1609581874-490","https://www.lagou.com/beijing-zhaopin/shangyeshjufenxi/3/?filterOption=3&sid=455efd12b0ab47fd855294dd40752859","高级商业分析师","京东集团","20k-40k","20k-40k
                                    经验3-5年 / 本科","电商 / 上市公司 / 2000人以上"
"1609581856-391","https://www.lagou.com/beijing-zhaopin/shangyeshjufenxi/9/?filterOption=3&sid=455efd12b0ab47fd855294dd40752859","房地产市场分析师","诸葛找房网","8k-15k","8k-15k
                                    经验1-3年 / 不限","移动互联网,消费生活 / C轮 / 150-500人"
"1609581838-299","https://www.lagou.com/beijing-zhaopin/shangyeshjufenxi/15/?filterOption=3&sid=455efd12b0ab47fd855294dd40752859","资深商业分析师（经营分析）","美团","25k-50k","25k-50k
                                    经验1-3年 / 本科","消费生活 / 上市公司 / 2000人以上"
"1609581865-447","https://www.lagou.com/beijing-zhaopin/shangyeshjufenxi/6/?filterOption=3&sid=455efd12b0ab47fd855294dd40752859","商业分析师","元气森林饮料","25k-30k","25k-30k
                                    经验3-5年 / 本科","其他 / B轮 / 2000人以上"
"1609581876-503","https://www.lagou.com/beijing-zhaopin/shangyeshjufenxi/2/?filterOption=3&sid=455efd12b0ab47fd855294dd40752859","商业分析师","高域海汇","15k-30k","15k-30k
                                    经验3-5年 / 本科","移动互联网 / 不需要融资 / 150-500人"
"1609581835-287","https://www.lagou.com/beijing-zhaopin/shangyeshjufenxi/16/?filterOption=3&sid=455efd12b0ab47fd855294dd40752859","商业数据分析师","滴滴","20k-40k","20k-40k
                                    经验3-5年 / 本科","汽车丨出行 / 不需要融资 / 2000人以上"
"1609581850-365","https://www.lagou.com/beijing-zhaopin/shangyeshjufenxi/11/?filterOption=3&sid=455efd12b0ab47fd855294dd40752859","美团优选-商业分析师","美团","25k-50k","25k-50k
                                    经验5-10年 / 本科","消费生活 / 上市公司 / 2000人以上"
"1609581860-406","https://www.lagou.com/beijing-zhaopin/shangyeshjufenxi/8/?filterOption=3&sid=455efd12b0ab47fd855294dd40752859","商业分析师-用户增长","猿辅导","15k-30k","15k-30k
                                    经验1-3年 / 本科","移动互联网,教育 / D轮及以上 / 2000人以上"
"1609581835-292","https://www.lagou.com/beijing-zhaopin/shangyeshjufenxi/16/?filterOption=3&sid=455efd12b0ab47fd855294dd40752859","商业分析师-预算管理方向","美团","20k-40k","20k-40k
                                    经验3-5年 / 本科","消费生活 / 上市公司 / 2000人以上"
"1609581865-440","https://www.lagou.com/beijing-zhaopin/shangyeshjufenxi/6/?filterOption=3&sid=455efd12b0ab47fd855294dd40752859","商业分析高级经理(J15855)","美菜","25k-40k","25k-40k
                                    经验5-10年 / 本科","电商 / D轮及以上 / 2000人以上"
